-- MySQL dump 10.17  Distrib 10.3.22-MariaDB, for debian-linux-gnueabihf (armv8l)
--
-- Host: localhost    Database: gsale
-- ------------------------------------------------------
-- Server version	10.3.22-MariaDB-0+deb10u1

/*!40101 SET @OLD_CHARACTER_SET_CLIENT=@@CHARACTER_SET_CLIENT */;
/*!40101 SET @OLD_CHARACTER_SET_RESULTS=@@CHARACTER_SET_RESULTS */;
/*!40101 SET @OLD_COLLATION_CONNECTION=@@COLLATION_CONNECTION */;
/*!40101 SET NAMES utf8mb4 */;
/*!40103 SET @OLD_TIME_ZONE=@@TIME_ZONE */;
/*!40103 SET TIME_ZONE='+00:00' */;
/*!40014 SET @OLD_UNIQUE_CHECKS=@@UNIQUE_CHECKS, UNIQUE_CHECKS=0 */;
/*!40014 SET @OLD_FOREIGN_KEY_CHECKS=@@FOREIGN_KEY_CHECKS, FOREIGN_KEY_CHECKS=0 */;
/*!40101 SET @OLD_SQL_MODE=@@SQL_MODE, SQL_MODE='NO_AUTO_VALUE_ON_ZERO' */;
/*!40111 SET @OLD_SQL_NOTES=@@SQL_NOTES, SQL_NOTES=0 */;

--
-- Table structure for table `groups`
--

DROP TABLE IF EXISTS `groups`;
/*!40101 SET @saved_cs_client     = @@character_set_client */;
/*!40101 SET character_set_client = utf8 */;
CREATE TABLE `groups` (
  `id` mediumint(9) NOT NULL AUTO_INCREMENT,
  `date` date NOT NULL,
  `location` mediumint(9) NOT NULL,
  `price` decimal(6,2) NOT NULL,
  `name` char(120) NOT NULL,
  PRIMARY KEY (`id`),
  UNIQUE KEY `name` (`name`)
) ENGINE=InnoDB AUTO_INCREMENT=72 DEFAULT CHARSET=latin1;
/*!40101 SET character_set_client = @saved_cs_client */;

--
-- Dumping data for table `groups`
--

LOCK TABLES `groups` WRITE;
/*!40000 ALTER TABLE `groups` DISABLE KEYS */;
INSERT INTO `groups` VALUES (1,'0000-00-00',0,0.00,'None'),(2,'2020-03-18',5,50.00,'2020-03-18-facebook-Rhonda-Burns'),(3,'2020-03-07',1,10.00,'2020-03-07-garagesale-colony-graph-calculators'),(4,'2020-03-07',1,25.00,'2020-03-07-garagesale-pc-games'),(5,'2020-03-03',5,90.00,'2020-03-03-facebook-jordan-smith-nes'),(6,'2020-03-03',5,20.00,'2020-03-03-facebook-Michael-Miller-Xbox'),(7,'2020-03-11',2,16.19,'2020-03-11-thrift-thrift-giant-psp'),(8,'2020-03-11',6,2.50,'2020-03-11-hibid-ps2-games'),(9,'2020-02-28',1,50.00,'2020-02-28-garagesale-3527-south-echo-trail-plano'),(10,'2020-02-22',6,34.49,'2020-02-22-hibid-wii-bundle'),(11,'2020-02-10',8,5.85,'2020-02-10-halfpricebooks-games'),(12,'2020-01-04',1,3.00,'2020-01-04-garagesale-hats-california'),(13,'2020-02-01',5,30.00,'2020-02-01-facebook-Bobby-Paulson'),(14,'2020-02-06',1,25.00,'2020-02-06-garagesale-estate-sale-ps1'),(15,'2020-02-14',1,15.00,'2020-02-14-garagesale-all-that-estate'),(16,'2020-01-31',1,5.00,'2020-01-31-garagesale-beanie-baby-box'),(17,'2020-02-02',6,10.86,'2020-02-02-hibid-workman-games'),(18,'2020-01-22',3,7.58,'2020-01-22-pawn-legacy'),(19,'2020-01-29',2,2.26,'2020-01-29-thrift-st-vincent'),(20,'2020-01-29',2,6.47,'2020-01-29-thrift-thrift-giant-360-ps3'),(21,'2020-02-17',5,20.00,'2020-02-17-facebook-derek-asbury-nes'),(22,'2020-02-17',5,80.00,'2020-02-17-facebook-derek-asbury-n64'),(23,'2020-02-19',3,5.00,'2020-02-19-pawn-legacy'),(24,'2020-02-13',1,21.65,'2020-02-13-garagesale-dallas-estate-sales'),(25,'2020-02-22',1,1.00,'2020-02-22-garagesale-carrolton-games'),(26,'2020-02-22',1,5.00,'2020-02-22-garagesale-little-elm'),(27,'2020-02-28',3,12.00,'2020-02-28-pawn-top-cash'),(28,'2020-02-29',1,46.24,'2020-02-29-garagesale-frisco-xbox'),(29,'2020-03-06',1,3.00,'2020-03-06-garagesale-colony-dreamcast'),(30,'2020-04-29',4,28.07,'2020-04-29-ebay-battery-cover-ebay'),(31,'2020-04-29',4,112.83,'2020-04-29-ebay-ebay-broken-video-games'),(32,'2020-05-12',5,200.00,'2020-05-12-facebook-Eric-Riemer-Facebook-Retro-Video-Games'),(33,'2020-05-12',4,119.05,'2020-05-12-ebay-dora_ts17-handheld-games'),(34,'2020-05-15',5,100.00,'2020-05-15-facebook-kyle-rich-fb-ps3'),(35,'2020-05-16',5,60.00,'2020-05-16-facebook-lori-naquin-facebook-wii-bundle'),(36,'2020-05-16',5,15.00,'2020-05-16-facebook-ben-black-ps3-xbox360'),(37,'2020-05-17',6,103.47,'2020-05-17-hibid-hibid-pokemon-black-red-ds'),(38,'2020-05-21',2,2.00,'2020-05-21-thrift-broken-bow-thrift'),(39,'2020-05-28',5,50.00,'2020-05-28-facebook-braden-byars-games'),(40,'2020-05-30',1,50.00,'2020-05-30-garagesale-snes-bundle'),(41,'2020-05-30',1,2.00,'2020-05-30-garagesale-Lacrosse+Golf'),(42,'2020-05-30',1,5.00,'2020-05-30-garagesale-pop-figures'),(43,'2020-05-30',1,5.00,'2020-05-30-garagesale-xbox-360-games'),(44,'2020-06-05',5,40.00,'2020-06-05-facebook-Oren-Screw-Up-Contra'),(45,'2020-06-05',1,5.00,'2020-06-05-garagesale-DVD-VHS-Combo'),(46,'2020-06-06',1,40.00,'2020-06-06-garagesale-psp-games'),(47,'2020-06-10',5,16.00,'2020-06-10-facebook-Matt-Walker-Wii'),(48,'2020-06-13',1,10.00,'2020-06-13-garagesale-wii-xbox-games'),(49,'2020-06-13',1,26.00,'2020-06-13-garagesale-game-collection'),(50,'2020-06-13',1,30.00,'2020-06-13-garagesale-xbox-one'),(51,'2020-06-13',1,4.00,'2020-06-13-garagesale-gamecube-games'),(52,'2020-06-13',1,10.00,'2020-06-13-garagesale-ps3-wiiu-xbox'),(53,'2020-06-13',1,10.00,'2020-06-13-garagesale-simpsons-xbox-bundle'),(54,'2020-06-16',5,65.00,'2020-06-16-facebook-carol-citytownship-snes-psone'),(55,'2020-06-18',3,7.00,'2020-06-18-pawn-bedford-american-pawn'),(56,'2020-06-18',5,35.00,'2020-06-18-facebook-garage-sale-xbox-one'),(57,'2020-06-19',1,79.00,'2020-06-19-garagesale-garage-sales'),(58,'2020-06-20',1,11.00,'2020-06-20-garagesale-garage-sales'),(59,'2020-06-20',1,175.00,'2020-06-20-garagesale-Craig-Video-Games'),(60,'2020-06-26',1,6.00,'2020-06-26-garagesale-garage-sales'),(61,'2020-06-27',1,208.00,'2020-06-27-garagesale-garage-sales'),(62,'2020-06-30',5,15.00,'2020-06-30-facebook-wii-games'),(63,'2020-07-03',1,1.00,'2020-07-03-garagesale-cables'),(64,'2020-07-06',5,40.00,'2020-07-06-facebook-Wii-Games-Margaret-Matlack'),(65,'2020-07-09',5,22.00,'2020-07-09-facebook-shana-games'),(66,'2020-07-09',5,150.00,'2020-07-09-facebook-joe-ps2-wii'),(67,'2020-07-09',5,60.00,'2020-07-09-facebook-Wati-Gamecube'),(68,'2020-07-09',5,15.00,'2020-07-09-facebook-amanda-wii'),(69,'2020-07-10',1,36.00,'2020-07-10-garagesale-garage-sales'),(70,'2020-07-04',1,1.00,'2020-07-04-garagesale-garage-sale'),(71,'2020-07-11',1,66.50,'2020-07-11-garagesale-Garage-Sale');
/*!40000 ALTER TABLE `groups` ENABLE KEYS */;
UNLOCK TABLES;

--
-- Table structure for table `items`
--

DROP TABLE IF EXISTS `items`;
/*!40101 SET @saved_cs_client     = @@character_set_client */;
/*!40101 SET character_set_client = utf8 */;
CREATE TABLE `items` (
  `id` mediumint(9) NOT NULL AUTO_INCREMENT,
  `name` char(100) DEFAULT NULL,
  `sold` tinyint(1) NOT NULL DEFAULT 0,
  `platform` char(120) NOT NULL,
  `group_id` mediumint(9) DEFAULT NULL,
  PRIMARY KEY (`id`)
) ENGINE=InnoDB AUTO_INCREMENT=535 DEFAULT CHARSET=latin1;
/*!40101 SET character_set_client = @saved_cs_client */;

--
-- Dumping data for table `items`
--

LOCK TABLES `items` WRITE;
/*!40000 ALTER TABLE `items` DISABLE KEYS */;
INSERT INTO `items` VALUES (1,'The Punisher',1,'18',11),(2,'Xenosaga Episode II',2,'13',11),(3,'Arx Fatalis',1,'18',11),(4,'Golden Sun',2,'29',18),(5,'Tiger Wood PGA 13 Collectors Edition',1,'19',18),(6,'Skyrim',1,'20',13),(7,'Witcher 2',1,'19',13),(8,'Dodgers Hat',1,'28',12),(9,'Red Sox Hat (Black)',1,'28',12),(10,'Red Sox Hat',1,'28',12),(11,'Bass Pro Shop Hat (Green)',1,'28',12),(12,'Bass Pro Shop Hat (Black)',1,'28',12),(13,'Angels Camo Hat',1,'28',12),(14,'Resident Evil',1,'14',1),(15,'Nascar 2000',2,'1',1),(16,'Rawlings Bat - SL7510 - 28/18',1,'28',1),(17,'Pokemon Battle Revolution',1,'5',1),(18,'McDonalds Beanie Babies',1,'28',16),(19,'Furby',1,'28',16),(20,'Sekiro',1,'15',13),(21,'Metal Gear Solid - HD Collection',2,'14',13),(22,'Greenday Rockband',1,'14',19),(23,'Broken Sword - Shadow of the Temples',2,'5',19),(24,'James Bond - NightFire',1,'13',1),(25,'Ultimate Alliance',2,'14',20),(26,'Rayman Legends',2,'19',20),(27,'Harry Potter Years 1-4',1,'14',20),(28,'Amazing Spiderman',1,'19',20),(29,'Pokemon White',1,'10',1),(30,'Wii Sports',1,'5',17),(31,'Grand Theft Auto 4',1,'14',17),(32,'Ratchet & Clank',1,'15',17),(33,'Lego Worlds',1,'15',17),(35,'Wii High School Musical - Sing it!',1,'5',17),(36,'PSP Combo',1,'16',1),(37,'Retro Modding Screen',2,'9',1),(38,'Super Mario Galaxy 2',1,'5',14),(39,'Super Mario Bros Wii',1,'5',14),(40,'Super Paper Mario',1,'5',14),(41,'Crash Bandicot Warped',1,'12',14),(42,'Tomb Raider',2,'12',14),(43,'Mario Kart',1,'5',24),(44,'Mario Kart',1,'5',24),(45,'Marble Saga Kororinpa',2,'5',24),(46,'Super Mario Bros Wii',1,'5',24),(47,'Pokemon Battle Revolution',2,'5',24),(48,'Guitar Hero - Metallica',1,'19',24),(49,'SpongeBob SquarePants: The Battle For Bikini Bottom',1,'4',1),(50,'The Lord of the Rings The Two Towers',1,'4',1),(51,'Super Mario Sunshine',2,'4',15),(52,'Simpsons Hit & Run',1,'18',15),(53,'Elder Scrolls III - Morrowind (Game of the Year)',1,'18',15),(54,'Gamecube Grey System',1,'4',15),(55,'Zoo Tycoon',1,'28',15),(56,'Def Jam Icon',1,'19',1),(57,'X-Men Legends & X-Men Legends II',1,'13',1),(58,'Skate 3',1,'19',1),(59,'Skate 3',1,'19',1),(60,'Forza 4',1,'19',1),(61,' Banjo-Kazooie',1,'1',1),(62,'Mario Tennis',1,'1',1),(63,'Super Smash Bros Brawl',1,'5',1),(64,'Wii Sports',1,'5',1),(65,'Wii Sports',1,'5',1),(66,'Wii Sports Resort',1,'5',1),(67,'Guitar Hero World Tour',1,'5',1),(68,'Harry Potter and the Chamber of Secrets',1,'4',1),(69,'Rock n Bowl',2,'2',21),(70,'Ring King',2,'2',21),(71,'To The Earth',2,'2',21),(72,'Tetris',1,'2',21),(73,'Tiger-Heli',1,'2',21),(74,'Athletic World',2,'2',21),(75,'Glover',2,'1',22),(76,'Knockout Kings 2000',2,'1',22),(77,'Igg\'s Reckin Balls',2,'1',22),(78,'Power Rangers Rescue',2,'1',22),(79,'Xena Warrior Princess - Talisman of Fate',2,'1',22),(80,'Armorines - Project Swarm',2,'1',22),(81,'Jeremy McGrath Supercross 2000',2,'1',22),(82,'Bio Freaks',2,'1',22),(83,'Power Puff Girls - Chemica X-Traction',2,'1',22),(84,'WinBack Convert Operations',2,'1',22),(85,'Virtual Chess 64',2,'1',22),(86,'Re-Volt',2,'1',22),(87,'Super Mario Galaxy',1,'5',1),(88,'Rory McIlroy PGA Tour',1,'15',23),(89,'Star Fox Zero',1,'6',23),(90,'Super Mario Galaxy',1,'5',1),(91,'Guitar Hero - World Tour',1,'5',1),(92,'Tiger Woods PGA 12 - Masters',1,'14',1),(93,'Wii Sports',1,'5',1),(94,'Ray Tracers',2,'12',1),(95,'Sonic the Hedgehog - Tiger Game',2,'28',1),(96,'Bubba Gump Shrimp Hat',1,'28',1),(97,'Hd25 Projector',1,'28',1),(98,'PS2 Bundle',1,'13',1),(99,'PS2 AV Cable x 5',2,'13',1),(104,'Smackdown Vs Raw',2,'13',25),(105,'Snoopy Vs The Red Baron',2,'13',25),(106,'Wii Sports',1,'5',10),(107,'Wario Smooth Moves',2,'5',10),(108,'Wii Bundle',1,'5',10),(109,'NCAA Football 14',1,'14',26),(110,'Sims 3',1,'5',26),(111,'WWE 2k14',2,'14',26),(112,'Plants and Zombies Garden Warfare',2,'14',26),(113,'Sega Saturn AV Cable',2,'25',1),(114,'Star Wars Battlefront & Star Wars Battlefront 2',1,'13',1),(115,'Marvel Ultimate Alliance',1,'14',1),(116,'Acrylic stand',2,'28',1),(117,'Playstation 2 Controller',2,'13',1),(118,'Playstation 2 Controller',1,'13',1),(119,'Playstation 2 Controller',2,'13',1),(120,'Playstation 2 Controller',2,'13',1),(121,'Playstation 2 Bundle',1,'13',1),(122,'wii nunchucks',2,'5',1),(123,'cobra 29 ltd classic',1,'28',1),(124,'Spider-man',1,'4',27),(125,'Spider-man 2',2,'4',27),(126,'Wolverine\'s revenge',2,'4',27),(127,'The Incredible Hulk Ultimate Destruction (RETURNED)',1,'4',27),(128,'Onimusha Warlords',2,'13',27),(129,'Onimusha 2',2,'13',27),(130,'Dell computer',1,'28',1),(131,'Wii System',1,'28',9),(132,'Xbox System',2,'18',28),(133,'Playstation 2 Demo Discs',2,'13',28),(134,'Nokia N-Gage',2,'28',28),(135,'Nokia N-Gage Battery',2,'28',28),(136,'Contra - CIB',2,'2',5),(137,'Tetris - Tengan',2,'2',5),(138,'Super Mario Bros',2,'2',5),(139,'Super Mario Bros 2',1,'2',5),(140,'Super Mario Bros 3',1,'2',5),(141,'Mario Duck Hunt',1,'2',5),(142,'Pac-Man',1,'2',5),(143,'Mike Tyson Punch Out',2,'2',5),(144,'Bubble Bobble',2,'2',5),(145,'Kirby\'s Adventure',1,'2',5),(146,'Street Fighter 2010',2,'2',5),(147,'Legend of Zelda',2,'2',5),(148,'Xbox Games',1,'18',6),(149,'Banjo-Kazooie',1,'1',9),(150,'Star Fox 64',1,'1',9),(151,'NFL Blitz 2000',1,'1',9),(152,'King of Fighters',1,'14',1),(153,'Need for Speed Underground 2',1,'18',6),(154,'Dreamcast',1,'26',29),(155,'Playstation 2 Controller - Silver',2,'13',29),(156,'Contra & Zelda',1,'2',5),(157,'Grand Theft Auto IV',1,'18',6),(158,'Yankees Hat',1,'28',1),(159,'Graphing calculator',0,'28',3),(160,'Graphing calculator - pink',1,'28',3),(161,'Lord of the Rings: Battle for Middleearth Anthology',1,'28',4),(162,'Small Dog Crate',1,'28',1),(163,'Nintendo NES',1,'2',9),(164,'Halo Bundle',1,'18',6),(165,'Golden Eye 007',1,'1',9),(166,'Nintendo Posters',2,'28',1),(167,'Mario Kart & Diddy Kong Racing',1,'1',9),(168,'Final Fantasy III',2,'3',1),(169,'Ace Combat Zero',2,'13',8),(170,'The Simpsons Game',1,'16',7),(171,'Crash Tag Team Racing',2,'16',7),(172,'Smackdown vs Raw 2007',1,'16',7),(173,'Spider-Man 3',2,'16',7),(174,'Star Wars Battlefront Elite Squadron',2,'16',7),(175,'PS Vita Games',1,'17',1),(176,'Zoo Tycoon',1,'28',4),(177,'Wii Bundle',1,'5',1),(178,'Zoo Tycoon 2 Collectors',1,'28',4),(180,'PC Games',1,'28',4),(181,'Roller Coaster Tycoon',1,'28',4),(182,'Pokemon Omega Ruby',1,'11',2),(183,'Pokemon Sun',2,'11',2),(184,'Luigi\'s Mansion Dark Moon',1,'11',2),(185,'Donkey Kong Country Returns 3d',1,'11',2),(186,'Mario Party Island Tour',1,'11',2),(187,'Zelda a Link between worlds',2,'11',2),(188,'Super Mario Bros 2',2,'11',2),(189,'Lego City Undercover - The Chase Begins',2,'11',2),(190,'New Yoshi\'s Island',2,'11',2),(191,'Animal Crossing: New Leaf',2,'11',2),(192,'SteelDiver',2,'11',2),(193,'HDMI-Splitter',2,'28',1),(194,'Cruis\'n World',1,'1',9),(195,'A boy and his blob',2,'2',1),(196,'Final Fantasy Mystic Quest',2,'2',1),(197,'Spores PC Games',1,'28',4),(198,'Sega GT and Jet Set Radio',1,'18',6),(199,'Gameboy Pocket - Yellow',2,'8',1),(200,'N64 Boxes',2,'1',1),(201,'Scooby-Doo Night of 100 Frights',1,'18',6),(202,'Wii Sports',1,'5',9),(203,'Wii Sports',1,'5',1),(204,'Gameboy Advance ABG-001',2,'29',1),(205,'Chevrolet hat',1,'28',12),(206,'Rangers Hat',1,'28',12),(207,'Polarizer Screen',2,'28',1),(208,'Zoo Tycoon 2 Marina Mania',1,'28',4),(210,'Grand Theft Auto 5',1,'19',1),(211,'Gameboy - For Parts',1,'8',1),(212,'Gold N64',2,'1',1),(213,'Wii Sports',1,'5',1),(214,'Mario Kart Wii',1,'5',1),(215,'Super Mario Bros Wii',1,'5',1),(216,'Wii Sports Resort',1,'5',1),(217,'Wii Sports Resort',1,'5',1),(218,'Mario Kart 7',1,'11',1),(219,'Mario Kart 7',1,'11',1),(220,'GBA Battery Cover - Purple',2,'29',30),(221,'GBA Battery Cover - Black',2,'29',30),(222,'GBA Battery Cover - Gold',2,'29',30),(223,'Gameboy Pocket Console Green',2,'8',31),(224,'Gameboy Pocket Console Gold',2,'8',31),(225,'Gameboy Advance Console Gold',2,'29',31),(226,'Gameboy Advance Console Pink',2,'29',31),(227,'Gameboy Advance Console Black',2,'29',31),(228,'Lost Complete Series',1,'28',1),(229,'GBA Replacement Housing',2,'29',1),(230,'Game Boy Screen Replacement',2,'8',1),(231,'Game Boy Color Battery Cover',2,'9',1),(232,'N64 Bundle',1,'1',9),(233,'SNES Plastic Covers',2,'3',1),(234,'Game Boy Advance - Glacier',1,'29',1),(235,'Paper Mario: Sticker Star',1,'11',1),(236,'The Legend of Zelda Gold Cartridge NES',1,'2',32),(237,'Mike Tyson Punch Out NES',1,'2',32),(238,'SNES Bundle',1,'3',32),(239,'NCAA Football 14',1,'14',34),(240,'NCAA Football 13',1,'14',34),(241,'NCAA Football 13',1,'14',34),(242,'Final Fantasy III',1,'3',32),(243,'Tape',2,'28',1),(244,'Game Boy Color - Atomic Purple',1,'9',32),(245,'Nintendo Wii Island',1,'5',35),(246,'Just Dance Lot',1,'5',35),(247,'Wii Sports Resort',1,'5',35),(248,'Wii Sports',1,'5',35),(249,'Mario Kart Wii',1,'5',35),(250,'Kirby\'s Adventure NES',1,'2',32),(251,'Wii Bundle',1,'5',35),(252,'Legend of Zelda - Twilight Princess',1,'5',35),(253,'Compressor',2,'28',1),(254,'WCW Mayhem',2,'1',1),(255,'Tangled',1,'5',35),(256,'Donkey Kong Country 2',1,'3',32),(257,'Sega Genesis Bundle',1,'21',1),(258,'Final Fantasy - Mystic Quest',1,'3',32),(259,'SNES Bundle',1,'3',1),(260,'Game Genie',1,'3',32),(261,'NCAA 12',1,'19',1),(262,'Super Mario Bros 3',1,'2',1),(263,'Super Mario Bros 3',1,'2',32),(264,'Super Mario Bros 2',1,'2',32),(265,'Dead Space, Dead Space 2, Fallout 3',1,'14',36),(266,'Star Wars Online Games',1,'28',4),(267,'gba-001 replacement screens',2,'29',1),(268,'Final Fantasy Crisis Core',1,'16',38),(269,'Handheld Legend GB Pocket Upgrades',2,'8',1),(270,'Playstation 3',1,'14',34),(271,'Batman The Video Game',1,'2',32),(272,'PSP',1,'16',39),(273,'Nintendo DSI Bundle',1,'10',39),(274,'Zelda II - Adventures of Link',1,'2',32),(275,'Bill Walsh College Football 95',1,'21',1),(276,'Ninja Gaiden 1&2',1,'2',32),(277,'Teenage Mutant Ninja Turtles II',1,'2',32),(278,'Chip and Dale Rescue Rangers',1,'2',32),(279,'Super Mario World',1,'3',40),(280,'The legend of Zelda - Link to the past',1,'3',40),(281,'Donkey Kong Country',1,'3',40),(282,'Beautiful Katamari',2,'19',1),(283,'Dream Works Super Karts',2,'19',1),(284,'Knights of Old Republic',1,'28',4),(285,'Balloon Fight',1,'2',32),(286,'Super C',1,'2',32),(287,'Mario Party DS',1,'10',39),(288,'Minecraft - Xbox 360',1,'19',43),(289,'Cranium Booster Box 1',1,'28',37),(290,'Golf Clubs',1,'28',41),(291,'NCAA Basketball 2010',1,'19',43),(292,'Mario & Donkey Kong',1,'10',39),(293,'Tony Hawk Pro Skater',1,'12',38),(294,'Crash Nitro Kart',1,'13',1),(295,'Tony Hawks Underground',1,'13',1),(296,'Max Payne 2',1,'13',1),(297,'PSP Games',1,'16',39),(298,'Tony Hawk\'s Underground',1,'13',1),(299,'NES Bundle',1,'2',1),(300,'Ps2 bundle',1,'13',1),(301,' Tony Hawk\'s American Wasteland',1,'13',1),(302,'Ratchet & Clank',1,'13',1),(303,'Pokemon Alpha Sapphire',1,'11',39),(304,'Shadow of the Colossus',1,'13',1),(305,'Contra',1,'2',32),(306,'Bionic Commando',1,'2',32),(307,'MAGNAVOX MWD2206',1,'28',45),(308,'allegro abv441',1,'28',45),(309,'Sega master system',1,'22',32),(310,'Super C',1,'2',1),(311,'Super C',1,'2',1),(312,'Just Dance 2016',1,'5',39),(313,'Brian O\'Conner Fun Pop - #276',1,'28',42),(314,'Mario Kart 64',1,'1',46),(315,'Funko Pop Disney Gus Gus In Slipper Cinderella #139',1,'28',42),(316,'Game Cube Controller',1,'4',46),(317,'Double Dragon II',1,'2',32),(318,'Double Dragon',1,'2',32),(319,'Broken PSP',1,'16',46),(320,'UMD Movies',1,'16',46),(321,'Super Mario Bros Wii',1,'5',46),(322,'Super Smash Bros Brawl',1,'5',46),(323,'Guitar Hero III',1,'5',46),(324,'Twisted Metal Head On',1,'16',46),(325,'Daxter PSP',1,'16',46),(326,'6711R1P072J Remote',1,'28',45),(327,'6711R1P072J Remote',1,'28',45),(328,'NES Bundle',1,'2',1),(329,'Zune',1,'28',46),(330,'Star Tropics',1,'2',32),(331,'Dragon Warrior',0,'2',32),(332,'Frozen',1,'11',39),(333,'Guitar Hero Smash Hits',1,'5',1),(334,'Wii Sports Resort',1,'5',47),(335,'Guitar Hero World Tour',1,'5',47),(336,'Wii Sports',1,'5',47),(337,'McDonalds Beanie Babies',1,'28',16),(338,'Pioneer DV-C36',1,'28',1),(339,'Gauntlet Legacy',2,'4',1),(340,'Tape Gun',2,'28',1),(342,'Sonic Sega All-Stars Racing',1,'5',48),(344,'Mario Kart Wii',1,'5',48),(346,'Super Mario Maker',1,'6',52),(347,'Mario Kart 8',1,'6',52),(348,'Guitar Hero Metallica',1,'19',49),(349,'Diddy Kong Racing',1,'1',49),(350,'NFL Blitz 2000',1,'1',49),(351,'Yellow N64 Controller',2,'1',49),(352,'Black N64 Controller',1,'1',49),(353,'Peter Jacksons - King Kong',1,'19',49),(354,'Call of Duty World at War',0,'14',49),(355,'Grand Theft Auto Vice City',0,'13',49),(359,'Mortal Kombat Shaolin Monks',1,'13',49),(360,'Grand Theft Auto San Andreas',0,'13',49),(362,'Call of Duty Finest Hour',0,'13',49),(366,'Plants vs Zombies',1,'19',49),(372,'Guitar Hero III Legends of Rock',1,'19',53),(373,'Portal 2',0,'19',53),(374,'Guitar Hero 5',1,'19',53),(375,'Viva Pinata',0,'19',53),(377,'Nightmare Before Christmas',1,'18',53),(378,'Lego Worlds',1,'20',50),(379,'Minecraft',1,'20',50),(380,'Call of Duty Black Ops 4',1,'20',50),(381,'Rockstar Energy Drink Hat',1,'28',12),(382,'xbox-360-bundle',1,'19',36),(383,'nus-004 controller pack',1,'1',49),(384,'Ghost Busters II',1,'2',32),(385,'Beanie Babies Lot #1',1,'28',16),(386,'Zumba Fitness',1,'5',1),(387,'Super Mario All-Stars',1,'3',54),(388,'PS One',1,'3',54),(389,'Game Genie',1,'3',54),(390,'Pinocchio',1,'3',54),(391,'Toy Story Mania',1,'5',55),(392,'Sponge Bob - Create Krusty Krab',2,'5',55),(393,'Sponge Bob - Atlantis Squarepants',2,'5',55),(394,'Simpsons Road Rage',1,'18',55),(397,'xbox-one-games',1,'20',56),(398,'Wii Bundle',1,'5',57),(399,'Dell Vostro',1,'28',1),(400,'xbox-360-bundle',1,'19',57),(401,'Genesis-Bundle',1,'21',57),(402,'ps3-bundle',1,'14',57),(403,'PS4-Controller-white-broken',1,'15',57),(404,'AC-HP-GP-GH3',1,'5',58),(405,'GP-GHA-ETM-WOF-SW',1,'5',57),(406,'Wii Sports Resort',1,'5',47),(407,'Pokemon-Omega-Ruby-Yoshi-Wooly',1,'28',59),(408,'Xbox-One-Bundle',1,'20',59),(409,'WiiU-Bundle',0,'6',59),(410,'xbox-one-broken-controller',1,'20',59),(411,'bomberman-wipeout-64',2,'1',1),(412,'beanie-babiies',1,'28',16),(413,'Mario-Wii-Remote',1,'5',59),(414,'Star Wars BattleFront 1&2 - PC',1,'28',4),(415,'Minecraft - Xbox One',1,'20',59),(416,'Wii Sports',1,'5',57),(418,'Wii Sports Resort & Wii Sports',1,'5',57),(419,'Wii Sports Resort',1,'5',58),(420,'Mario Kart Wii',1,'5',57),(421,'Mario Party 8',1,'5',57),(422,'Mario Super Sluggers',1,'5',58),(423,'Jurassic World',2,'20',55),(424,'Sonic Secret Rings',1,'5',48),(425,'NRA Hat',1,'28',57),(426,'Kung Fu',1,'2',32),(427,'Harley Davidson Hat',1,'28',57),(428,'Left 4 dead 2',1,'19',58),(429,'Dead Space',1,'14',1),(430,'a1137 ipod untested',1,'28',60),(431,'Risk Boardgame',1,'28',60),(432,'Black Drawer',2,'28',60),(434,'Disney Infinity',1,'19',59),(435,'Guitar Hero',1,'19',1),(436,'Leap Pad Ultimate',1,'28',61),(437,'Grand Theft Auto: Episodes From Liberty City',1,'19',61),(438,'Forza Horizon',1,'19',61),(439,'MultiMeter',1,'28',61),(440,'Saved by the Bell - DVD',1,'28',61),(441,'3ds lot - EUR',1,'11',61),(442,'Switch',1,'7',61),(443,'Wii Bundle',1,'5',61),(444,'Gauntlet II',1,'2',32),(445,'Mario Kart Wii',1,'5',61),(446,'PS3 Controller',1,'14',61),(447,'Jeopardy',1,'5',61),(448,'Mario Bros Wii',1,'5',62),(449,'Mario Bros Wii',1,'5',62),(450,'Just Dance Disney Party Wii',1,'5',62),(451,'BrockBuysGames-07012020',1,'5',1),(452,'Mario Kart',1,'5',61),(453,'Zookeeper Collection',1,'28',4),(454,'Texas Volunteer Hat',1,'28',57),(455,'wii-sensor-bar',2,'5',1),(456,'Super Mario Bros Wii',1,'5',64),(457,'Super Smash Brawl - Wii',1,'5',64),(458,'Super Smash Bros - Wii U',1,'6',64),(459,'Wii Sports',1,'5',64),(460,'Splatoon',1,'6',64),(461,'Super Mario Galaxy 2',1,'5',64),(462,'Cooking Mama',0,'5',64),(463,'Tony Hawk Pro Skater',1,'18',1),(464,'Mario Kart',1,'5',65),(465,'Wii-Lens',2,'5',1),(466,'Sonic Secret Rings',0,'5',68),(467,'Rayman Ravving Rabbids',0,'5',68),(468,'Kidz Sports Crazy Golf',0,'5',68),(469,'Wii Board Bundle',1,'5',66),(470,'Wii Sports Resort',1,'5',68),(471,'Wii Sports Resort',1,'5',66),(472,'Guitar Hero World Tour',0,'5',66),(473,'Cooking Mama World Kitchen',0,'5',66),(474,'Just Dance Kids',1,'5',66),(475,'Just Dance 3',1,'5',66),(476,'Just Dance Disney Kids 2',1,'5',66),(477,'Michael Jackson Wii',0,'5',66),(478,'Conduit',1,'5',66),(479,'Wii Play',1,'5',66),(480,'Wii Sports',1,'5',66),(481,'Mario Kart Wii',1,'5',66),(482,'Wii Sports NS',1,'5',66),(483,'Sponge Bob Movie',1,'4',67),(484,'Super Monkey Ball Adventure',1,'4',67),(485,'Skate 2',1,'19',61),(486,'Mario Kart with Wheel',1,'5',69),(487,'Wii Sports',1,'5',69),(488,'Minecraft Xbox One',0,'20',69),(489,'Shape Up',1,'20',69),(490,'Super Mario Bros + Super Luigi',1,'6',69),(491,'Shrek',1,'4',67),(492,'Shrek',1,'4',67),(493,'Spyro: Enter The Dragonfly',0,'4',67),(494,'LEGO Star Wars The Video Game',0,'4',67),(495,'Cars',0,'4',67),(496,'Titleist Hat',1,'28',57),(497,'Genenie 3 Button Garage',1,'28',70),(498,'Sims 2 Bustin Out',1,'13',66),(499,'Wii Bundle',0,'5',69),(500,'Wii Bundle',1,'5',69),(501,'PS2 Bundle',1,'13',66),(502,'Nintendo Advantage',0,'2',66),(503,'PS4 Hard drive',2,'15',1),(504,'Sony HF Cassettes',0,'28',71),(505,'Die Hard Trilogy',1,'28',71),(506,'24 Season 1-2',0,'28',71),(507,'Dexter Season 1-3',0,'28',71),(508,'Darkwing Duck',0,'28',71),(509,'Sci Fi Movies',0,'28',71),(510,'Torchwood Season 1-3',0,'28',71),(511,'Lord of the Rings Trilogy',1,'28',71),(512,'Xbox One Controller - For Parts',1,'20',71),(513,'Super Mario Bros Wii',1,'5',71),(514,'Lego Star Wars Wii',1,'5',71),(515,'Lego Movie & Lego Super Heroes',0,'14',71),(516,'Skate 3',1,'19',71),(517,'Just Dance 3',0,'5',71),(518,'Final Fantasy VII',1,'12',71),(519,'Spyro Year of the Dragonfly',1,'12',71),(520,'Minecraft',1,'19',71),(521,'Minecraft',1,'19',71),(522,'Minecraft',1,'19',71),(523,'Just Dance Kids',1,'5',71),(524,'Mario Kart Wii',1,'5',71),(525,'Wii Play',0,'5',71),(526,'Super Monkey Ball Banana Blitz',1,'5',71),(527,'Lego Harry Patter 1-4',1,'5',71),(528,'Ratch and Clank Going',0,'13',71),(529,'Sonic Unleashed',0,'5',71),(530,'Teenage Mutant Ninja Turtles',0,'5',71),(531,'Fire Fly',1,'28',71),(532,'Broken Playstation Stuff',1,'12',1),(533,'Easton Bat',1,'28',61),(534,'Replacement Joystick Sticks',2,'15',1);
/*!40000 ALTER TABLE `items` ENABLE KEYS */;
UNLOCK TABLES;

--
-- Table structure for table `location`
--

DROP TABLE IF EXISTS `location`;
/*!40101 SET @saved_cs_client     = @@character_set_client */;
/*!40101 SET character_set_client = utf8 */;
CREATE TABLE `location` (
  `id` mediumint(9) NOT NULL AUTO_INCREMENT,
  `name` char(50) NOT NULL,
  `long_name` char(50) NOT NULL,
  PRIMARY KEY (`id`),
  UNIQUE KEY `name` (`name`)
) ENGINE=InnoDB AUTO_INCREMENT=11 DEFAULT CHARSET=latin1;
/*!40101 SET character_set_client = @saved_cs_client */;

--
-- Dumping data for table `location`
--

LOCK TABLES `location` WRITE;
/*!40000 ALTER TABLE `location` DISABLE KEYS */;
INSERT INTO `location` VALUES (1,'garagesale','Garage Sale'),(2,'thrift','Thrift Store'),(3,'pawn','Pawn Shop'),(4,'ebay','Ebay'),(5,'facebook','Facebook Marketplace'),(6,'hibid','Hibid'),(7,'brockbuysgames','BrockBuysGames'),(8,'halfpricebooks','Half Price Books'),(9,'na','Not Applicable'),(10,'amazon','Amazon');
/*!40000 ALTER TABLE `location` ENABLE KEYS */;
UNLOCK TABLES;

--
-- Table structure for table `platform`
--

DROP TABLE IF EXISTS `platform`;
/*!40101 SET @saved_cs_client     = @@character_set_client */;
/*!40101 SET character_set_client = utf8 */;
CREATE TABLE `platform` (
  `id` mediumint(9) NOT NULL AUTO_INCREMENT,
  `name` char(50) NOT NULL,
  `company` char(50) NOT NULL,
  `long_name` char(50) NOT NULL,
  PRIMARY KEY (`id`),
  UNIQUE KEY `name` (`name`)
) ENGINE=InnoDB AUTO_INCREMENT=30 DEFAULT CHARSET=latin1;
/*!40101 SET character_set_client = @saved_cs_client */;

--
-- Dumping data for table `platform`
--

LOCK TABLES `platform` WRITE;
/*!40000 ALTER TABLE `platform` DISABLE KEYS */;
INSERT INTO `platform` VALUES (1,'n64','nintendo','Nintendo 64'),(2,'nes','nintendo','Nintendo NES'),(3,'snes','nintendo','Super Nintendo'),(4,'gamecube','nintendo','Game Cube'),(5,'wii','nintendo','Wii'),(6,'wiiu','nintendo','Wii U'),(7,'switch','nintendo','Switch'),(8,'gameboy','nintendo','Gameboy'),(9,'gameboycolor','nintendo','Gameboy Color'),(10,'nintendods','nintendo','Nintendo DS'),(11,'nintendo3ds','nintendo','Nintendo 3DS'),(12,'ps1','sony','Playstation 1'),(13,'ps2','sony','Playstation 2'),(14,'ps3','sony','Playstation 3'),(15,'ps4','sony','Playstation 4'),(16,'psp','sony','PSP'),(17,'psvita','sony','Playstation Vita'),(18,'xbox','microsoft','Xbox'),(19,'xbox360','microsoft','Xbox 360'),(20,'xboxone','microsoft','Xbox One'),(21,'genesis','sega','Sega Genesis'),(22,'mastersystem','sega','Sega Master System'),(23,'segacd','sega','Sega CD'),(24,'sega32x','sega','Sega 32X'),(25,'saturn','sega','Sega Saturn'),(26,'dreamcast','sega','Sega Dreamcast'),(27,'gamegear','sega','Sega Game Gear'),(28,'other','other','Other'),(29,'gameboyadvance','nintendo','Gameboy Advance');
/*!40000 ALTER TABLE `platform` ENABLE KEYS */;
UNLOCK TABLES;

--
-- Table structure for table `purchase`
--

DROP TABLE IF EXISTS `purchase`;
/*!40101 SET @saved_cs_client     = @@character_set_client */;
/*!40101 SET character_set_client = utf8 */;
CREATE TABLE `purchase` (
  `id` mediumint(9) NOT NULL,
  `location` mediumint(9) DEFAULT 0,
  `date` date DEFAULT NULL,
  `price` decimal(6,2) DEFAULT 0.00
) ENGINE=InnoDB DEFAULT CHARSET=latin1;
/*!40101 SET character_set_client = @saved_cs_client */;

--
-- Dumping data for table `purchase`
--

LOCK TABLES `purchase` WRITE;
/*!40000 ALTER TABLE `purchase` DISABLE KEYS */;
INSERT INTO `purchase` VALUES (1,8,'2020-02-10',0.00),(2,8,'2020-02-10',0.00),(3,8,'2020-02-10',0.00),(4,3,'2020-01-22',0.00),(5,3,'2020-01-22',0.00),(6,5,'2020-02-01',0.00),(7,5,'2020-02-01',0.00),(8,1,'2020-01-04',0.00),(9,1,'2020-01-04',0.00),(10,1,'2020-01-04',0.00),(11,1,'2020-01-04',0.00),(12,1,'2020-01-04',0.00),(13,1,'2020-01-04',0.00),(14,9,'2020-01-01',0.00),(15,8,'2020-01-12',2.16),(16,9,'2020-01-18',0.00),(17,2,'2020-01-20',0.80),(18,1,'2020-01-31',0.00),(19,1,'2020-01-31',0.00),(20,5,'2020-02-01',0.00),(21,5,'2020-02-01',0.00),(22,2,'2020-01-29',0.00),(23,2,'2020-01-29',0.00),(24,2,'2020-01-13',1.07),(25,2,'2020-01-29',0.00),(26,2,'2020-01-29',0.00),(27,2,'2020-01-29',0.00),(28,2,'2020-01-29',0.00),(29,3,'2020-01-31',2.00),(30,6,'2020-02-03',0.00),(31,6,'2020-02-03',0.00),(32,6,'2020-02-03',0.00),(33,6,'2020-02-03',0.00),(34,6,'2020-02-03',0.00),(35,6,'2020-02-03',0.00),(36,9,'2020-02-03',0.00),(37,9,'2020-02-03',77.25),(38,1,'2020-02-06',0.00),(39,1,'2020-02-06',0.00),(40,1,'2020-02-06',0.00),(41,1,'2020-02-06',0.00),(42,1,'2020-02-06',0.00),(43,1,'2020-02-13',0.00),(44,1,'2020-02-13',0.00),(45,1,'2020-02-13',0.00),(46,1,'2020-02-13',0.00),(47,1,'2020-02-13',0.00),(48,1,'2020-02-13',0.00),(49,9,'2020-02-14',0.00),(50,9,'2020-02-14',0.00),(51,1,'2020-02-14',0.00),(52,1,'2020-02-14',0.00),(53,1,'2020-02-14',0.00),(54,1,'2020-02-14',0.00),(55,1,'2020-02-14',0.00),(56,9,'2020-02-14',0.00),(57,9,'2020-02-15',0.00),(58,9,'2020-02-15',0.00),(59,9,'2020-02-15',0.00),(60,9,'2020-02-15',0.00),(61,9,'2020-02-15',0.00),(62,9,'2020-02-15',0.00),(63,9,'2020-02-15',0.00),(64,9,'2020-02-15',0.00),(65,9,'2020-02-15',0.00),(66,9,'2020-02-15',0.00),(67,9,'2020-02-15',0.00),(68,9,'2020-02-14',0.00),(69,5,'2020-02-17',0.00),(70,5,'2020-02-17',0.00),(71,5,'2020-02-17',0.00),(72,5,'2020-02-17',0.00),(73,5,'2020-02-17',0.00),(74,5,'2020-02-17',0.00),(75,5,'2020-02-17',0.00),(76,5,'2020-02-17',0.00),(77,5,'2020-02-17',0.00),(78,5,'2020-02-17',0.00),(79,5,'2020-02-17',0.00),(80,5,'2020-02-17',0.00),(81,5,'2020-02-17',0.00),(82,5,'2020-02-17',0.00),(83,5,'2020-02-17',0.00),(84,5,'2020-02-17',0.00),(85,5,'2020-02-17',0.00),(86,5,'2020-02-17',0.00),(87,2,'2020-02-19',0.00),(88,3,'2020-02-19',0.00),(89,3,'2020-02-19',0.00),(90,2,'2020-02-19',1.00),(91,2,'2020-02-19',0.00),(92,2,'2020-02-19',0.00),(93,1,'2020-02-20',0.00),(94,1,'2020-02-20',0.00),(95,1,'2020-02-21',0.25),(96,1,'2020-02-21',0.00),(97,9,'2020-02-22',0.00),(98,9,'2020-02-22',0.00),(99,4,'2020-02-22',8.50),(104,1,'2020-02-22',0.00),(105,1,'2020-02-22',0.00),(106,6,'2020-02-22',0.00),(107,6,'2020-02-22',0.00),(108,6,'2020-02-22',0.00),(109,1,'2020-02-22',0.00),(110,1,'2020-02-22',0.00),(111,1,'2020-02-22',0.00),(112,1,'2020-02-22',0.00),(113,4,'2020-02-22',6.19),(114,1,'2020-01-04',0.00),(115,9,'2020-02-24',0.00),(116,10,'2020-02-24',11.90),(117,4,'2020-02-25',14.05),(118,4,'2020-02-25',13.74),(119,4,'2020-02-25',12.88),(120,4,'2020-02-25',14.02),(121,9,'2020-02-25',0.00),(122,1,'2020-02-28',2.00),(123,1,'2020-02-28',3.00),(124,3,'2020-02-28',0.00),(125,3,'2020-02-28',0.00),(126,3,'2020-02-28',0.00),(127,3,'2020-02-28',0.00),(128,3,'2020-02-28',0.00),(129,3,'2020-02-28',0.00),(130,9,'2020-02-28',0.00),(131,1,'2020-02-28',0.00),(132,1,'2020-02-29',0.00),(133,1,'2020-02-29',0.00),(134,1,'2020-02-29',0.00),(135,10,'2020-02-29',0.00),(136,5,'2020-03-03',0.00),(137,5,'2020-03-03',0.00),(138,5,'2020-03-03',0.00),(139,5,'2020-03-03',0.00),(140,5,'2020-03-03',0.00),(141,5,'2020-03-03',0.00),(142,5,'2020-03-03',0.00),(143,5,'2020-03-03',0.00),(144,5,'2020-03-03',0.00),(145,5,'2020-03-03',0.00),(146,5,'2020-03-03',0.00),(147,5,'2020-03-03',0.00),(148,5,'2020-03-03',0.00),(149,1,'2020-03-04',0.00),(150,1,'2020-03-05',0.00),(151,1,'2020-03-05',0.00),(152,5,'2020-03-05',0.00),(153,5,'2020-03-04',0.00),(154,1,'2020-03-06',0.00),(155,1,'2020-03-06',0.00),(156,5,'2020-03-06',0.00),(157,5,'2020-03-06',0.00),(158,1,'2020-03-07',0.00),(159,1,'2020-03-07',0.00),(160,1,'2020-03-07',0.00),(161,1,'2020-03-07',0.00),(162,1,'2020-03-07',3.00),(163,10,'2020-03-08',0.00),(164,5,'2020-03-04',0.00),(165,1,'2020-03-01',0.00),(166,4,'2020-03-10',21.33),(167,1,'2020-02-28',0.00),(168,4,'2020-03-10',41.00),(169,6,'2020-03-11',0.00),(170,2,'2020-03-11',0.00),(171,2,'2020-03-11',0.00),(172,2,'2020-03-11',0.00),(173,2,'2020-03-11',0.00),(174,2,'2020-03-11',0.00),(175,1,'2020-03-12',0.00),(176,1,'2020-03-07',0.00),(177,1,'2020-03-13',0.00),(178,1,'2020-03-07',0.00),(180,1,'2020-03-07',0.00),(181,1,'2020-03-07',0.00),(182,5,'2020-03-18',0.00),(183,5,'2020-03-18',0.00),(184,5,'2020-03-18',0.00),(185,5,'2020-03-18',0.00),(186,5,'2020-03-18',0.00),(187,5,'2020-03-18',0.00),(188,5,'2020-03-18',0.00),(189,5,'2020-03-18',0.00),(190,5,'2020-03-18',0.00),(191,5,'2020-03-18',0.00),(192,5,'2020-03-18',0.00),(193,10,'2020-03-19',0.00),(194,1,'2020-02-28',0.00),(195,4,'2020-03-22',9.61),(196,4,'2020-03-22',15.13),(197,1,'2020-03-07',0.00),(198,5,'2020-03-03',0.00),(199,4,'2020-03-26',0.00),(200,4,'2020-03-26',11.37),(201,5,'2020-03-03',0.00),(202,1,'2020-02-28',0.00),(203,9,'2020-02-29',0.00),(204,4,'2020-04-01',0.00),(205,1,'2020-01-04',0.00),(206,1,'2020-01-04',0.00),(207,4,'2020-04-09',2.54),(208,1,'2020-03-07',0.00),(210,9,'2020-04-19',0.00),(211,9,'2020-04-22',0.00),(212,4,'2020-04-22',56.29),(213,5,'2020-04-27',5.00),(214,9,'2020-04-27',0.00),(215,9,'2020-04-27',0.00),(216,9,'2020-04-27',0.00),(217,9,'2020-04-27',0.00),(218,9,'2020-04-27',0.00),(219,9,'2020-04-27',0.00),(220,4,'2020-04-29',0.00),(221,4,'2020-04-29',0.00),(222,4,'2020-04-29',0.00),(223,4,'2020-04-29',0.00),(224,4,'2020-04-29',0.00),(225,4,'2020-04-29',0.00),(226,4,'2020-04-29',0.00),(227,4,'2020-04-29',0.00),(228,5,'2020-05-07',25.00),(229,4,'2020-05-10',19.01),(230,4,'2020-05-11',4.21),(231,4,'2020-05-11',7.03),(232,1,'2020-02-28',0.00),(233,4,'2020-05-13',8.61),(234,9,'2020-05-13',0.00),(235,9,'2020-05-15',0.00),(236,5,'2020-05-12',0.00),(237,5,'2020-05-12',0.00),(238,5,'2020-05-12',0.00),(239,5,'2020-05-15',0.00),(240,5,'2020-05-15',0.00),(241,5,'2020-05-15',0.00),(242,5,'2020-05-15',0.00),(243,9,'2020-05-16',9.57),(244,5,'2020-05-12',0.00),(245,5,'2020-05-16',0.00),(246,5,'2020-05-16',0.00),(247,5,'2020-05-16',0.00),(248,5,'2020-05-16',0.00),(249,5,'2020-05-16',0.00),(250,5,'2020-05-12',0.00),(251,5,'2020-05-16',0.00),(252,5,'2020-05-16',0.00),(253,6,'2020-05-17',12.77),(254,4,'2020-05-17',7.04),(255,5,'2020-05-16',0.00),(256,5,'2020-05-12',0.00),(257,9,'2020-05-19',0.00),(258,5,'2020-05-12',0.00),(259,9,'2020-05-19',0.00),(260,5,'2020-05-12',0.00),(261,3,'2020-05-25',3.00),(262,9,'2020-05-25',0.00),(263,5,'2020-05-12',0.00),(264,5,'2020-05-12',0.00),(265,5,'2020-05-16',0.00),(266,1,'2020-03-07',0.00),(267,4,'2020-05-26',15.13),(268,2,'2020-05-21',0.00),(269,9,'2020-05-26',24.47),(270,5,'2020-05-15',0.00),(271,5,'2020-05-12',0.00),(272,5,'2020-05-28',0.00),(273,5,'2020-05-28',0.00),(274,5,'2020-05-12',0.00),(275,4,'2020-05-29',0.00),(276,5,'2020-05-12',0.00),(277,5,'2020-05-12',0.00),(278,5,'2020-05-12',0.00),(279,1,'2020-05-30',0.00),(280,1,'2020-05-30',0.00),(281,1,'2020-05-30',0.00),(282,1,'2020-05-30',2.00),(283,1,'2020-05-30',1.00),(284,1,'2020-03-07',0.00),(285,5,'2020-05-12',0.00),(286,5,'2020-05-12',0.00),(287,5,'2020-05-28',0.00),(288,1,'2020-05-30',0.00),(289,6,'2020-05-17',0.00),(290,1,'2020-05-30',0.00),(291,1,'2020-05-30',0.00),(292,5,'2020-05-28',0.00),(293,2,'2020-05-21',0.00),(294,9,'2020-06-02',0.00),(295,9,'2020-06-02',0.00),(296,9,'2020-06-02',0.00),(297,5,'2020-05-28',0.00),(298,9,'2020-06-03',0.00),(299,9,'2020-06-03',0.00),(300,1,'2020-06-03',0.00),(301,9,'2020-06-03',0.00),(302,9,'2020-06-03',0.00),(303,5,'2020-05-28',0.00),(304,9,'2020-06-04',0.00),(305,5,'2020-05-12',0.00),(306,5,'2020-05-12',0.00),(307,1,'2020-06-05',0.00),(308,1,'2020-06-05',0.00),(309,5,'2020-05-12',0.00),(310,9,'2020-06-05',0.00),(311,10,'2020-06-05',0.00),(312,5,'2020-05-28',0.00),(313,1,'2020-05-30',0.00),(314,1,'2020-06-06',0.00),(315,1,'2020-05-30',0.00),(316,1,'2020-06-06',0.00),(317,5,'2020-05-12',0.00),(318,5,'2020-05-12',0.00),(319,1,'2020-06-06',0.00),(320,1,'2020-06-06',0.00),(321,1,'2020-06-06',0.00),(322,1,'2020-06-06',0.00),(323,1,'2020-06-06',0.00),(324,1,'2020-06-06',0.00),(325,1,'2020-06-06',0.00),(326,1,'2020-06-05',0.00),(327,1,'2020-06-05',0.00),(328,9,'2020-06-07',0.00),(329,1,'2020-06-06',0.00),(330,5,'2020-05-12',0.00),(331,5,'2020-05-12',0.00),(332,5,'2020-05-28',0.00),(333,2,'2020-06-09',7.57),(334,5,'2020-06-10',0.00),(335,5,'2020-06-10',0.00),(336,5,'2020-06-10',0.00),(337,1,'2020-01-31',0.00),(338,1,'2020-06-12',3.00),(339,1,'2020-06-13',0.50),(340,1,'2020-06-13',1.00),(341,1,'2020-06-13',0.00),(342,1,'2020-06-13',0.00),(343,1,'2020-06-13',0.00),(344,1,'2020-06-13',0.00),(345,1,'2020-06-13',0.00),(346,1,'2020-06-13',0.00),(347,1,'2020-06-13',0.00),(348,1,'2020-06-13',0.00),(349,1,'2020-06-13',0.00),(350,1,'2020-06-13',0.00),(351,1,'2020-06-13',0.00),(352,1,'2020-06-13',0.00),(353,1,'2020-06-13',0.00),(354,1,'2020-06-13',0.00),(355,1,'2020-06-13',0.00),(356,1,'2020-06-13',0.00),(357,1,'2020-06-13',0.00),(358,1,'2020-06-13',0.00),(359,1,'2020-06-13',0.00),(360,1,'2020-06-13',0.00),(361,1,'2020-06-13',0.00),(362,1,'2020-06-13',0.00),(363,1,'2020-06-13',0.00),(364,1,'2020-06-13',0.00),(365,1,'2020-06-13',0.00),(366,1,'2020-06-13',0.00),(367,1,'2020-06-13',0.00),(368,1,'2020-06-13',0.00),(370,1,'2020-06-13',0.00),(371,1,'2020-06-13',0.00),(372,1,'2020-06-13',0.00),(373,1,'2020-06-13',0.00),(374,1,'2020-06-13',0.00),(375,1,'2020-06-13',0.00),(376,1,'2020-06-13',0.00),(377,1,'2020-06-13',0.00),(378,1,'2020-06-13',0.00),(379,1,'2020-06-13',0.00),(380,1,'2020-06-13',0.00),(381,1,'2020-01-04',0.00),(382,5,'2020-05-16',0.00),(383,1,'2020-06-13',0.00),(384,5,'2020-05-12',0.00),(385,1,'2020-01-31',0.00),(386,9,'2020-06-17',0.00),(387,5,'2020-06-16',0.00),(388,5,'2020-06-16',0.00),(389,5,'2020-06-16',0.00),(390,5,'2020-06-16',0.00),(391,3,'2020-06-18',0.00),(392,3,'2020-06-18',0.00),(393,3,'2020-06-18',0.00),(394,3,'2020-06-18',0.00),(395,5,'2020-06-18',0.00),(396,5,'2020-06-18',0.00),(397,5,'2020-06-18',0.00),(398,1,'2020-06-19',0.00),(399,1,'2020-06-13',0.00),(400,1,'2020-06-19',0.00),(401,1,'2020-06-19',0.00),(402,1,'2020-06-19',0.00),(403,1,'2020-06-19',0.00),(404,1,'2020-06-20',0.00),(405,1,'2020-06-19',0.00),(406,5,'2020-06-10',0.00),(407,1,'2020-06-20',0.00),(408,1,'2020-06-20',0.00),(409,1,'2020-06-20',0.00),(410,1,'2020-06-20',0.00),(411,4,'2020-06-22',24.89),(412,1,'2020-01-31',0.00),(413,1,'2020-06-20',0.00),(414,1,'2020-03-07',0.00),(415,1,'2020-06-20',0.00),(416,1,'2020-06-19',0.00),(417,1,'2020-06-19',0.00),(418,1,'2020-06-19',0.00),(419,1,'2020-06-20',0.00),(420,1,'2020-06-19',0.00),(421,1,'2020-06-19',0.00),(422,1,'2020-06-20',0.00),(423,3,'2020-06-18',0.00),(424,1,'2020-06-13',0.00),(425,1,'2020-06-19',0.00),(426,5,'2020-05-12',0.00),(427,1,'2020-06-19',0.00),(428,1,'2020-06-20',0.00),(429,9,'2020-06-25',0.00),(430,1,'2020-06-26',0.00),(431,1,'2020-06-26',0.00),(432,1,'2020-06-26',0.00),(433,1,'2020-06-27',0.00),(434,1,'2020-06-20',0.00),(435,9,'2020-06-27',0.00),(436,1,'2020-06-27',0.00),(437,1,'2020-06-27',0.00),(438,1,'2020-06-27',0.00),(439,1,'2020-06-27',0.00),(440,1,'2020-06-27',0.00),(441,1,'2020-06-27',0.00),(442,1,'2020-06-27',0.00),(443,1,'2020-06-27',0.00),(444,5,'2020-05-12',0.00),(445,1,'2020-06-27',0.00),(446,1,'2020-06-27',0.00),(447,1,'2020-06-27',0.00),(448,5,'2020-06-30',0.00),(449,5,'2020-06-30',0.00),(450,5,'2020-06-30',0.00),(451,7,'2020-07-01',0.00),(452,1,'2020-06-27',0.00),(453,1,'2020-03-07',0.00),(454,1,'2020-06-19',0.00),(455,4,'2020-07-05',1.79),(456,5,'2020-07-06',0.00),(457,5,'2020-07-06',0.00),(458,5,'2020-07-06',0.00),(459,5,'2020-07-06',0.00),(460,5,'2020-07-06',0.00),(461,5,'2020-07-06',0.00),(462,5,'2020-07-06',0.00),(463,9,'2020-07-06',0.00),(464,5,'2020-07-09',0.00),(465,4,'2020-07-09',0.00),(466,5,'2020-07-09',0.00),(467,5,'2020-07-09',0.00),(468,5,'2020-07-09',0.00),(469,5,'2020-07-09',0.00),(470,5,'2020-07-09',0.00),(471,5,'2020-07-09',0.00),(472,5,'2020-07-09',0.00),(473,5,'2020-07-09',0.00),(474,5,'2020-07-09',0.00),(475,5,'2020-07-09',0.00),(476,5,'2020-07-09',0.00),(477,5,'2020-07-09',0.00),(478,5,'2020-07-09',0.00),(479,5,'2020-07-09',0.00),(480,5,'2020-07-09',0.00),(481,5,'2020-07-09',0.00),(482,5,'2020-07-09',0.00),(483,5,'2020-07-09',0.00),(484,5,'2020-07-09',0.00),(485,1,'2020-06-27',0.00),(486,1,'2020-07-10',0.00),(487,1,'2020-07-10',0.00),(488,1,'2020-07-10',0.00),(489,1,'2020-07-10',0.00),(490,1,'2020-07-10',0.00),(491,5,'2020-07-09',0.00),(492,5,'2020-07-09',0.00),(493,5,'2020-07-09',0.00),(494,5,'2020-07-09',0.00),(495,5,'2020-07-09',0.00),(496,1,'2020-06-19',0.00),(497,1,'2020-07-04',0.00),(498,5,'2020-07-09',0.00),(499,1,'2020-07-10',0.00),(500,1,'2020-07-10',0.00),(501,5,'2020-07-09',0.00),(502,5,'2020-07-09',0.00),(503,10,'2020-07-11',53.03),(504,1,'2020-07-11',0.00),(505,1,'2020-07-11',0.00),(506,1,'2020-07-11',0.00),(507,1,'2020-07-11',0.00),(508,1,'2020-07-11',0.00),(509,1,'2020-07-11',0.00),(510,1,'2020-07-11',0.00),(511,1,'2020-07-11',0.00),(512,1,'2020-07-11',0.00),(513,1,'2020-07-11',0.00),(514,1,'2020-07-11',0.00),(515,1,'2020-07-11',0.00),(516,1,'2020-07-11',0.00),(517,1,'2020-07-11',0.00),(518,1,'2020-07-11',0.00),(519,1,'2020-07-11',0.00),(520,1,'2020-07-11',0.00),(521,1,'2020-07-11',0.00),(522,1,'2020-07-11',0.00),(523,1,'2020-07-11',0.00),(524,1,'2020-07-11',0.00),(525,1,'2020-07-11',0.00),(526,1,'2020-07-11',0.00),(527,1,'2020-07-11',0.00),(528,1,'2020-07-11',0.00),(529,1,'2020-07-11',0.00),(530,1,'2020-07-11',0.00),(531,1,'2020-07-11',0.00),(532,9,'2020-07-13',0.00),(533,1,'2020-06-27',0.00),(534,4,'2020-07-14',10.78);
/*!40000 ALTER TABLE `purchase` ENABLE KEYS */;
UNLOCK TABLES;

--
-- Table structure for table `sale`
--

DROP TABLE IF EXISTS `sale`;
/*!40101 SET @saved_cs_client     = @@character_set_client */;
/*!40101 SET character_set_client = utf8 */;
CREATE TABLE `sale` (
  `id` mediumint(9) NOT NULL,
  `location` mediumint(9) NOT NULL,
  `date` date NOT NULL,
  `price` decimal(6,2) NOT NULL,
  `ebay_fee` decimal(6,2) DEFAULT 0.00,
  `paypal_fee` decimal(6,2) DEFAULT 0.00,
  `shipping_fee` decimal(5,2) DEFAULT 0.00,
  `tax` decimal(6,2) DEFAULT 0.00
) ENGINE=InnoDB DEFAULT CHARSET=latin1;
/*!40101 SET character_set_client = @saved_cs_client */;

--
-- Dumping data for table `sale`
--

LOCK TABLES `sale` WRITE;
/*!40000 ALTER TABLE `sale` DISABLE KEYS */;
INSERT INTO `sale` VALUES (6,4,'2020-02-02',19.99,2.00,0.92,3.05,1.56),(7,4,'2020-02-02',29.95,3.00,1.23,3.31,2.17),(14,4,'2020-01-05',14.99,1.50,0.77,2.84,1.24),(29,4,'2020-02-01',36.00,3.60,1.43,2.76,2.97),(22,4,'2020-02-02',10.99,1.10,0.64,3.52,0.70),(36,5,'2020-02-03',60.00,0.00,0.00,0.00,0.00),(33,4,'2020-02-05',8.99,0.90,0.56,2.93,0.00),(32,4,'2020-02-05',8.95,0.90,0.58,3.05,0.54),(38,4,'2020-02-06',18.50,1.85,0.86,3.67,0.74),(20,4,'2020-02-04',36.00,3.60,1.43,2.76,2.97),(19,4,'2020-02-01',27.95,2.79,1.11,5.54,0.00),(16,4,'2020-01-18',31.45,3.15,1.28,7.65,2.20),(18,4,'2020-01-31',19.00,1.90,0.89,8.50,1.38),(31,4,'2020-02-06',8.98,0.90,0.56,3.31,0.00),(49,4,'2020-02-14',23.99,2.40,1.06,3.05,2.14),(50,4,'2020-02-14',8.00,0.80,0.55,3.31,0.45),(55,4,'2020-02-15',14.99,1.50,0.76,2.84,0.82),(56,4,'2020-02-15',10.00,1.00,0.61,2.76,0.83),(53,4,'2020-02-15',16.75,1.68,0.82,3.31,1.01),(3,4,'2020-02-15',20.00,2.00,0.91,3.39,1.06),(54,5,'2020-02-15',50.00,0.00,0.00,0.00,0.00),(57,4,'2020-02-15',15.00,1.50,0.77,2.80,1.24),(52,4,'2020-02-15',20.00,2.00,0.91,3.39,1.20),(59,4,'2020-02-16',8.00,0.80,0.55,3.05,0.70),(48,4,'2020-02-17',20.00,2.00,0.91,2.84,1.20),(17,7,'2020-02-17',14.00,0.00,0.41,0.94,0.00),(44,7,'2020-02-17',15.00,0.00,0.73,0.84,0.00),(39,7,'2020-02-17',12.00,0.00,0.35,0.84,0.00),(46,7,'2020-02-17',12.00,0.00,0.35,0.84,0.00),(40,7,'2020-02-17',8.00,0.00,0.23,0.84,0.00),(63,7,'2020-02-17',12.00,0.00,0.35,0.84,0.00),(30,7,'2020-02-17',10.00,0.00,0.29,0.84,0.00),(65,7,'2020-02-17',10.00,0.00,0.29,0.84,0.00),(64,7,'2020-02-17',10.00,0.00,0.29,0.84,0.00),(66,7,'2020-02-17',12.00,0.00,0.35,0.84,0.00),(67,7,'2020-02-17',6.00,0.00,0.17,0.84,0.00),(58,4,'2020-02-17',8.00,0.80,0.55,2.76,0.66),(68,4,'2020-02-18',10.00,1.00,0.61,3.31,0.53),(1,4,'2020-02-20',20.00,2.00,0.91,3.31,1.20),(60,4,'2020-02-20',11.00,1.10,0.64,3.31,0.77),(96,4,'2020-02-21',8.20,0.82,0.54,2.84,0.15),(97,5,'2020-02-22',100.00,0.00,0.00,0.00,0.00),(98,5,'2020-02-22',65.00,0.00,0.00,0.00,0.00),(5,4,'2020-02-22',8.98,0.90,0.58,2.78,0.72),(28,4,'2020-02-23',12.00,1.20,0.67,2.93,0.72),(114,4,'2020-02-23',18.95,1.90,0.85,4.00,0.00),(115,4,'2020-02-24',13.95,1.40,0.70,3.25,0.00),(121,5,'2020-02-25',55.00,0.00,0.00,0.00,0.00),(108,5,'2020-02-25',50.00,0.00,0.00,0.00,0.00),(118,4,'2020-02-28',12.88,0.00,0.00,0.00,0.00),(130,5,'2020-02-28',30.00,0.00,0.00,0.00,0.00),(109,4,'2020-02-28',54.99,5.50,1.89,3.50,0.00),(93,4,'2020-02-28',10.00,0.00,0.59,1.00,0.00),(106,4,'2020-02-28',10.00,0.00,0.29,1.00,0.00),(90,7,'2020-02-28',8.00,0.00,0.23,1.00,0.00),(87,7,'2020-02-28',8.00,0.00,0.23,1.00,0.00),(43,7,'2020-02-28',15.00,0.00,0.43,1.00,0.00),(91,7,'2020-02-28',9.00,0.00,0.26,0.00,0.00),(110,4,'2020-02-29',9.95,0.99,0.61,2.93,0.60),(131,5,'2020-03-02',50.00,0.00,0.00,0.00,0.00),(123,4,'2020-03-04',31.39,3.14,1.27,8.25,2.05),(61,4,'2020-03-04',28.00,2.80,1.11,3.31,0.00),(149,4,'2020-03-04',28.00,2.80,1.11,0.00,0.00),(150,5,'2020-03-05',15.00,0.00,0.00,0.00,0.00),(151,5,'2020-03-05',10.00,0.00,0.00,0.00,0.00),(152,5,'2020-03-05',18.95,1.90,0.89,2.80,1.56),(153,4,'2020-03-06',13.99,1.40,0.74,3.31,1.03),(156,5,'2020-03-06',35.00,0.00,0.00,0.00,0.00),(157,4,'2020-03-06',10.95,1.09,0.64,3.23,0.90),(158,4,'2020-03-07',8.35,0.83,0.56,3.23,0.69),(163,5,'2020-03-08',75.00,0.00,0.00,0.00,0.00),(161,4,'2020-03-08',85.00,8.50,2.96,3.39,6.59),(148,4,'2020-03-08',25.39,2.54,1.07,10.32,1.05),(164,4,'2020-03-09',19.75,1.98,0.87,2.80,0.00),(162,5,'2020-03-09',20.00,0.00,0.88,0.00,0.00),(165,4,'2020-03-10',30.00,3.00,1.17,2.76,0.00),(88,4,'2020-03-10',40.00,4.00,1.58,3.05,4.04),(167,4,'2020-03-11',55.35,5.54,2.04,3.97,4.57),(175,4,'2020-03-12',24.95,2.50,1.09,3.05,2.15),(9,4,'2020-03-12',7.80,0.78,0.53,3.39,0.00),(176,4,'2020-03-12',28.00,2.80,1.16,3.39,1.68),(127,4,'2020-03-13',0.42,1.50,0.73,2.84,0.00),(177,5,'2020-03-13',55.00,0.00,0.00,0.00,0.00),(178,4,'2020-03-15',15.45,1.54,0.78,4.08,0.97),(62,4,'2020-03-16',17.95,1.79,0.85,2.84,1.12),(170,4,'2020-03-16',16.95,1.70,0.84,2.93,1.57),(172,4,'2020-03-16',12.95,1.29,0.68,2.84,0.00),(180,5,'2020-03-16',25.00,0.00,0.00,0.00,0.00),(27,4,'2020-03-16',10.25,1.03,0.62,3.05,0.65),(181,4,'2020-03-17',9.80,0.98,0.59,3.39,0.30),(124,4,'2020-03-18',8.50,0.85,0.56,2.84,0.60),(182,4,'2020-03-18',23.00,2.30,1.00,2.93,1.22),(159,4,'2020-03-18',0.00,0.00,0.30,8.99,0.00),(194,4,'2020-03-20',22.00,2.20,0.97,2.84,1.08),(197,4,'2020-03-23',19.70,1.97,0.89,3.33,0.65),(198,4,'2020-03-23',20.00,2.00,0.93,0.00,1.65),(12,4,'2020-03-28',8.45,0.84,0.55,2.84,0.00),(201,4,'2020-03-28',0.00,0.00,1.07,7.00,0.00),(202,4,'2020-03-29',25.00,2.50,1.07,2.84,1.50),(203,4,'2020-03-29',25.00,2.50,1.09,2.93,2.31),(154,4,'2020-04-04',32.20,3.22,1.31,7.70,2.66),(205,4,'2020-04-05',8.40,0.84,0.56,3.25,0.46),(186,4,'2020-04-05',20.00,2.00,0.88,3.18,0.00),(206,4,'2020-04-07',7.65,0.77,0.54,3.05,0.66),(208,4,'2020-04-11',14.75,1.48,0.75,3.31,0.70),(8,4,'2020-04-15',8.80,0.88,0.57,3.39,0.38),(184,4,'2020-04-19',14.94,1.49,0.76,3.05,0.93),(210,4,'2020-04-19',13.00,1.30,0.70,3.39,0.78),(185,4,'2020-04-20',11.97,1.20,0.67,2.84,0.66),(211,4,'2020-04-22',29.99,3.00,1.21,5.12,1.54),(214,4,'2020-04-27',35.00,3.50,1.40,3.39,2.80),(215,4,'2020-04-27',27.95,2.79,1.16,3.52,1.77),(213,4,'2020-04-27',27.00,2.70,1.15,2.93,2.16),(216,4,'2020-04-27',29.95,3.00,1.21,3.67,1.35),(217,4,'2020-04-27',29.95,3.00,1.23,3.25,2.10),(218,4,'2020-04-28',17.95,1.79,0.82,2.84,0.00),(219,4,'2020-04-28',14.00,1.40,0.74,2.93,1.24),(228,4,'2020-05-08',85.00,10.20,2.92,5.45,5.31),(232,5,'2020-05-12',120.00,0.00,0.00,0.00,0.00),(234,4,'2020-05-13',49.95,5.00,1.87,3.52,4.31),(235,4,'2020-05-15',12.00,1.20,0.67,2.84,0.84),(236,4,'2020-05-15',22.00,2.20,0.98,3.39,1.32),(237,4,'2020-05-15',30.00,3.00,1.17,3.39,0.00),(238,5,'2020-05-15',120.00,0.00,0.00,0.00,0.00),(242,4,'2020-05-15',60.00,6.00,2.18,3.23,4.95),(241,4,'2020-05-15',34.95,3.50,1.41,3.05,3.23),(240,4,'2020-05-15',34.95,3.50,1.37,2.78,1.79),(239,4,'2020-05-16',146.95,14.70,4.91,2.74,12.12),(10,4,'2020-05-16',7.75,0.78,0.54,3.31,0.62),(244,4,'2020-05-17',50.00,5.00,1.82,3.67,2.25),(245,4,'2020-05-17',13.99,1.40,0.71,2.76,0.00),(246,4,'2020-05-17',24.99,2.50,1.02,4.08,0.00),(247,4,'2020-05-17',26.00,2.60,1.09,3.39,1.38),(248,4,'2020-05-17',24.00,2.40,1.05,2.84,1.80),(249,4,'2020-05-17',32.00,3.20,1.29,3.21,2.16),(250,4,'2020-05-17',0.00,0.00,0.98,6.62,0.00),(35,5,'2020-05-17',0.00,0.00,0.00,0.00,0.00),(251,5,'2020-05-17',80.00,0.00,0.00,0.00,0.00),(252,4,'2020-05-17',16.99,1.70,0.83,3.31,1.19),(255,4,'2020-05-18',7.98,0.80,0.53,2.78,0.00),(256,4,'2020-05-18',25.00,2.50,1.08,2.84,1.75),(257,5,'2020-05-19',40.00,0.00,0.00,0.00,0.00),(258,4,'2020-05-19',14.99,1.50,0.78,3.23,1.50),(259,5,'2020-05-19',120.00,0.00,0.00,0.00,0.00),(260,4,'2020-05-19',25.00,2.50,1.08,3.39,1.94),(139,5,'2020-05-25',20.00,0.00,0.00,0.00,0.00),(140,5,'2020-05-25',10.00,0.00,0.00,0.00,0.00),(264,5,'2020-05-25',20.00,0.00,0.00,0.00,0.00),(263,5,'2020-05-25',10.00,0.00,0.00,0.00,0.00),(262,5,'2020-05-25',10.00,0.00,0.00,0.00,0.00),(265,4,'2020-05-26',22.50,2.25,1.00,2.80,1.49),(266,4,'2020-05-26',21.40,2.14,0.96,5.40,1.44),(268,4,'2020-05-26',32.95,3.30,1.35,3.52,3.30),(270,5,'2020-05-27',60.00,0.00,0.00,0.00,0.00),(271,4,'2020-05-28',11.99,1.20,0.67,3.31,0.78),(261,4,'2020-05-29',21.95,2.19,0.94,2.78,0.00),(272,5,'2020-05-29',75.00,0.00,0.00,0.00,0.00),(273,5,'2020-05-29',50.00,0.00,0.00,0.00,0.00),(274,4,'2020-05-29',15.75,1.58,0.79,3.31,1.26),(275,4,'2020-05-29',7.00,0.70,0.50,3.31,0.00),(276,4,'2020-05-29',25.00,2.50,1.09,4.18,2.09),(277,4,'2020-05-29',15.00,1.50,0.77,3.23,1.20),(278,4,'2020-05-29',15.25,1.53,0.78,3.39,1.24),(284,4,'2020-05-30',7.79,0.78,0.55,3.39,0.69),(285,4,'2020-05-31',22.00,2.20,0.99,3.25,1.82),(92,4,'2020-05-31',8.49,0.85,0.57,3.39,0.70),(13,4,'2020-05-31',7.00,0.70,0.51,3.39,0.12),(286,4,'2020-05-31',17.00,1.70,0.83,3.31,1.19),(281,4,'2020-06-01',22.99,2.30,0.97,2.04,0.00),(287,4,'2020-06-01',12.00,1.20,0.67,3.05,0.72),(288,4,'2020-06-01',22.00,2.20,0.94,2.04,0.00),(289,4,'2020-06-01',19.25,1.93,0.87,11.79,0.47),(279,4,'2020-06-01',20.00,2.00,0.88,3.05,0.00),(290,5,'2020-06-01',15.00,0.00,0.00,0.00,0.00),(291,4,'2020-06-01',53.00,5.65,1.92,2.93,2.81),(292,4,'2020-06-01',7.28,0.73,0.53,2.76,0.53),(89,4,'2020-06-02',8.80,0.88,0.56,2.93,0.31),(293,4,'2020-06-02',11.00,1.10,0.64,2.93,0.66),(294,4,'2020-06-02',10.00,1.00,0.61,2.93,0.53),(295,4,'2020-06-02',20.00,2.00,0.88,3.31,0.00),(296,4,'2020-06-02',12.00,1.20,0.67,3.31,0.66),(297,4,'2020-06-03',29.00,2.90,1.14,3.39,0.00),(280,4,'2020-06-03',25.25,2.53,1.07,2.84,1.33),(298,4,'2020-06-03',22.00,2.20,0.98,3.52,1.38),(299,5,'2020-06-03',90.00,0.00,0.00,0.00,0.00),(300,5,'2020-06-03',45.00,0.00,0.00,0.00,0.00),(301,4,'2020-06-03',20.00,2.00,0.88,3.67,0.00),(302,4,'2020-06-03',15.00,1.50,0.78,3.52,1.50),(303,4,'2020-06-04',25.00,2.50,1.06,3.18,1.13),(11,4,'2020-06-04',6.50,0.65,0.49,3.39,0.00),(145,4,'2020-06-04',22.00,2.20,0.97,3.31,1.10),(304,4,'2020-06-04',14.00,1.40,0.73,3.31,0.88),(305,4,'2020-06-05',32.00,3.20,1.29,3.31,2.28),(306,4,'2020-06-05',11.50,1.15,0.66,3.39,0.78),(142,4,'2020-06-05',12.00,1.20,0.67,2.84,0.67),(309,5,'2020-06-05',100.00,0.00,0.00,0.00,0.00),(310,4,'2020-06-05',17.00,1.70,0.83,2.84,1.19),(312,4,'2020-06-06',22.00,2.20,0.99,2.76,1.82),(313,4,'2020-06-06',42.45,4.25,1.61,5.27,2.59),(315,4,'2020-06-06',34.50,3.45,1.37,5.40,2.33),(316,4,'2020-06-06',31.20,3.12,1.24,5.40,1.33),(317,4,'2020-06-06',12.99,1.30,0.70,3.31,0.78),(308,9,'2020-06-06',0.00,0.00,0.00,0.00,0.00),(319,4,'2020-06-07',28.45,2.85,1.17,4.18,1.55),(314,5,'2020-06-07',40.00,0.00,0.00,0.00,0.00),(307,4,'2020-06-07',121.55,12.16,3.82,11.90,0.00),(323,4,'2020-06-07',16.40,1.64,0.81,3.31,1.15),(324,10,'2020-06-07',8.99,0.90,0.58,2.93,0.53),(328,5,'2020-06-07',80.00,0.00,0.00,0.00,0.00),(322,4,'2020-06-07',19.95,2.00,0.91,3.31,1.06),(325,4,'2020-06-07',10.00,1.00,0.61,2.93,0.53),(321,4,'2020-06-08',25.00,2.50,1.08,3.31,1.75),(73,9,'2020-06-08',0.00,0.00,0.00,0.00,0.00),(141,9,'2020-06-08',0.00,0.00,0.00,0.00,0.00),(332,4,'2020-06-08',7.50,0.75,0.54,2.84,0.63),(311,4,'2020-06-09',17.00,1.70,0.79,2.84,0.00),(329,4,'2020-06-09',25.99,2.60,1.05,3.39,0.00),(333,4,'2020-06-09',34.95,3.50,1.31,2.84,0.00),(72,4,'2020-06-10',10.00,1.00,0.61,3.39,0.60),(336,4,'2020-06-10',24.95,2.50,1.75,0.00,24.95),(334,4,'2020-06-10',24.99,2.50,1.02,2.84,0.00),(326,4,'2020-06-10',18.85,1.89,0.85,3.52,0.00),(335,4,'2020-06-11',12.00,1.20,0.67,2.78,0.83),(337,4,'2020-06-11',14.24,1.42,0.74,9.69,0.86),(320,4,'2020-06-11',0.00,0.00,0.00,3.33,0.00),(379,4,'2020-06-14',17.95,1.79,0.86,2.84,1.26),(344,4,'2020-06-14',0.00,0.00,0.00,3.23,0.00),(381,4,'2020-06-14',5.75,0.58,0.47,3.31,0.24),(347,4,'2020-06-14',21.20,2.12,0.97,2.76,2.01),(349,4,'2020-06-14',25.00,2.50,1.07,2.84,1.56),(378,4,'2020-06-14',10.00,1.00,0.61,2.78,0.78),(346,4,'2020-06-14',15.00,1.50,0.77,2.93,1.20),(348,4,'2020-06-14',23.00,2.30,1.01,2.84,1.61),(382,4,'2020-06-14',24.85,2.49,1.06,8.50,1.49),(366,4,'2020-06-15',8.00,0.80,0.53,2.80,0.00),(374,4,'2020-06-15',16.98,1.70,0.79,3.05,0.00),(384,4,'2020-06-15',13.99,1.40,0.73,3.31,0.70),(350,4,'2020-06-15',22.00,2.20,0.99,2.76,1.82),(385,4,'2020-06-16',16.69,1.67,0.79,10.02,0.07),(386,4,'2020-06-17',7.50,0.75,0.53,2.93,0.51),(352,4,'2020-06-18',23.30,2.33,1.03,3.93,1.92),(383,4,'2020-06-18',13.00,0.00,0.70,2.93,0.78),(397,5,'2020-06-18',110.00,0.00,0.00,0.00,0.00),(390,4,'2020-06-19',14.95,1.50,0.76,2.84,1.03),(389,4,'2020-06-19',24.95,2.50,1.07,3.39,1.50),(327,4,'2020-06-19',18.75,1.88,0.84,3.39,0.00),(387,4,'2020-06-19',22.00,2.20,0.94,3.18,0.00),(380,4,'2020-06-19',16.50,1.65,0.78,2.84,0.00),(398,5,'2020-06-20',80.00,0.00,0.00,0.00,0.00),(399,5,'2020-06-20',15.00,0.00,0.00,0.00,0.00),(401,5,'2020-06-20',35.00,0.00,0.00,0.00,0.00),(403,4,'2020-06-21',29.95,2.60,1.12,4.32,2.34),(408,5,'2020-06-21',165.00,0.00,0.00,0.00,0.00),(402,5,'2020-06-21',75.00,0.00,0.00,0.00,0.00),(391,4,'2020-06-22',10.00,1.00,0.61,3.05,0.63),(412,5,'2020-06-22',15.00,0.00,0.00,0.00,0.00),(407,9,'2020-06-22',40.00,0.00,0.00,2.93,0.00),(413,4,'2020-06-22',37.99,3.80,1.46,3.31,2.13),(414,4,'2020-06-22',9.24,0.92,0.59,5.04,0.74),(404,7,'2020-06-22',37.00,0.00,1.37,4.38,0.00),(405,7,'2020-06-22',31.00,0.00,0.90,4.38,0.00),(353,4,'2020-06-22',20.00,2.00,0.92,2.93,1.55),(421,4,'2020-06-22',29.95,3.00,1.25,3.52,2.77),(419,4,'2020-06-22',25.00,2.50,1.08,2.76,2.06),(418,4,'2020-06-23',46.00,4.60,1.63,3.31,0.00),(394,4,'2020-06-23',11.00,1.10,0.64,3.31,0.77),(416,4,'2020-06-23',22.00,2.20,0.94,2.84,0.00),(406,4,'2020-06-23',24.00,2.40,1.04,3.05,1.50),(425,4,'2020-06-23',13.59,1.36,0.73,2.74,1.12),(420,4,'2020-06-23',25.00,2.50,1.08,3.05,1.75),(359,4,'2020-06-23',18.95,1.90,0.89,5.86,1.52),(427,4,'2020-06-23',7.90,0.79,0.53,3.25,0.00),(426,4,'2020-06-23',8.00,0.80,0.54,2.84,0.44),(410,4,'2020-06-24',16.95,1.70,0.82,4.18,1.02),(372,4,'2020-06-24',11.95,1.20,0.67,3.31,0.87),(428,4,'2020-06-25',12.00,1.20,0.65,3.52,0.00),(429,4,'2020-06-25',14.99,1.50,0.76,3.21,0.94),(24,4,'2020-06-26',9.00,0.90,0.58,3.39,0.54),(342,4,'2020-06-26',12.95,1.29,0.68,2.84,0.00),(338,4,'2020-06-26',73.14,7.31,2.52,18.49,3.33),(431,4,'2020-06-26',17.05,1.71,0.84,8.25,1.41),(434,4,'2020-06-27',38.55,3.85,1.50,9.25,2.70),(318,4,'2020-06-27',10.00,1.00,0.61,2.84,0.60),(435,4,'2020-06-27',10.00,1.00,0.61,2.84,0.56),(424,4,'2020-06-27',8.95,0.90,0.58,2.84,0.63),(400,5,'2020-06-28',60.00,0.00,0.00,0.00,0.00),(443,5,'2020-06-28',80.00,0.00,0.00,0.00,0.00),(388,5,'2020-06-28',20.00,0.00,0.00,0.00,0.00),(442,5,'2020-06-28',300.00,0.00,0.00,0.00,0.00),(444,4,'2020-06-28',9.00,0.90,0.58,3.39,0.54),(445,4,'2020-06-28',25.25,2.53,1.09,2.93,1.89),(446,4,'2020-06-29',24.05,2.41,1.05,3.31,1.74),(438,4,'2020-06-29',14.99,1.50,0.76,2.93,0.90),(436,4,'2020-06-29',45.00,4.50,1.73,10.22,4.16),(422,4,'2020-06-29',15.95,1.59,0.80,3.31,1.12),(447,4,'2020-06-29',10.99,1.10,0.65,2.93,0.99),(377,4,'2020-06-29',22.00,2.20,0.98,3.31,1.32),(450,4,'2020-06-30',20.00,2.00,0.88,0.00,0.00),(451,7,'2020-07-01',77.00,0.00,2.53,10.32,0.00),(448,4,'2020-07-01',20.00,2.00,0.88,3.05,0.00),(449,4,'2020-07-01',20.00,2.00,0.91,2.84,1.00),(452,4,'2020-07-01',26.00,2.60,1.05,3.31,0.00),(430,4,'2020-07-01',12.99,1.30,0.71,2.84,1.20),(41,4,'2020-07-02',6.00,0.60,0.48,2.84,0.36),(453,4,'2020-07-02',12.44,1.24,0.66,3.39,0.00),(440,4,'2020-07-05',5.05,0.51,0.46,2.80,0.48),(441,4,'2020-07-04',84.95,8.50,2.98,9.69,7.54),(454,4,'2020-07-05',14.65,1.47,0.76,3.23,1.21),(457,4,'2020-07-06',20.00,2.00,0.93,3.39,1.60),(459,4,'2020-07-06',0.00,0.00,0.00,5.68,0.00),(456,4,'2020-07-06',24.99,2.50,1.08,3.21,2.06),(458,4,'2020-07-06',13.00,1.30,0.68,3.05,0.00),(461,4,'2020-07-06',20.00,2.00,0.92,2.84,1.45),(460,4,'2020-07-07',13.99,1.40,0.73,2.84,0.98),(160,4,'2020-07-07',37.00,3.70,1.46,3.97,3.05),(463,4,'2020-07-08',10.00,1.00,0.61,3.39,0.60),(437,4,'2020-07-09',8.99,0.90,0.58,3.52,0.63),(464,4,'2020-07-09',35.00,3.50,1.32,4.46,0.00),(471,4,'2020-07-09',26.99,2.70,1.13,2.93,1.62),(469,4,'2020-07-09',50.00,5.00,1.75,19.39,0.00),(470,4,'2020-07-09',26.99,2.70,1.14,2.76,1.82),(475,4,'2020-07-09',9.95,0.99,0.61,2.74,0.82),(481,4,'2020-07-09',26.99,2.70,1.15,2.78,2.23),(480,4,'2020-07-10',23.99,2.40,1.00,2.78,0.00),(439,4,'2020-07-10',11.75,1.18,0.64,4.46,0.00),(485,4,'2020-07-10',11.95,1.20,0.65,2.93,0.00),(487,4,'2020-07-10',23.99,2.40,1.00,2.84,0.00),(490,4,'2020-07-10',22.00,2.20,0.94,2.84,0.00),(486,4,'2020-07-10',35.00,3.50,1.37,4.18,1.86),(491,4,'2020-07-10',10.00,1.00,0.61,2.84,0.80),(492,4,'2020-07-11',9.00,0.90,0.58,2.93,0.54),(479,4,'2020-07-11',8.99,0.90,0.58,3.31,0.54),(496,4,'2020-07-11',10.05,1.01,0.59,2.78,0.00),(497,4,'2020-07-11',16.00,1.60,0.79,2.93,0.96),(482,4,'2020-07-11',23.99,2.40,1.00,3.25,0.00),(498,4,'2020-07-11',9.95,0.99,0.59,3.52,0.00),(513,4,'2020-07-12',24.00,2.40,1.03,3.25,1.23),(511,4,'2020-07-12',34.38,3.60,1.36,4.39,2.23),(519,4,'2020-07-12',15.00,1.50,0.76,3.39,0.90),(527,4,'2020-07-12',12.99,1.30,0.71,3.52,1.09),(522,4,'2020-07-12',20.00,2.00,0.93,2.76,1.60),(524,4,'2020-07-12',35.00,3.50,1.38,4.32,2.19),(500,5,'2020-07-12',60.00,0.00,0.00,0.00,0.00),(514,4,'2020-07-12',9.50,0.95,0.59,2.84,0.52),(531,4,'2020-07-12',6.50,0.78,0.50,2.80,0.43),(415,4,'2020-07-12',16.00,1.60,0.80,2.84,1.16),(489,4,'2020-07-12',15.00,1.50,0.73,2.78,0.00),(330,4,'2020-07-13',9.99,1.00,0.61,3.31,0.70),(512,4,'2020-07-13',18.00,1.80,0.82,4.08,0.00),(501,5,'2020-07-13',40.00,0.00,0.00,0.00,0.00),(523,4,'2020-07-13',9.99,1.00,0.61,1.76,0.64),(474,4,'2020-07-13',10.00,1.00,0.31,1.76,0.63),(532,4,'2020-07-13',46.50,4.65,1.65,16.16,0.00),(518,4,'2020-07-13',34.95,3.50,1.39,4.08,2.58),(533,4,'2020-07-13',69.69,6.97,2.49,7.60,5.75),(476,4,'2020-07-14',22.45,2.25,1.00,2.84,1.63),(484,4,'2020-07-14',23.00,2.30,1.01,2.93,1.61),(521,4,'2020-07-14',22.00,2.20,0.94,3.05,0.00),(505,4,'2020-07-14',7.25,0.87,0.51,2.80,0.00),(478,4,'2020-07-14',9.95,0.99,0.60,3.31,0.50),(516,4,'2020-07-14',12.00,1.20,0.67,2.84,0.84),(520,4,'2020-07-14',22.00,2.20,1.02,2.84,2.84),(483,4,'2020-07-15',23.95,2.40,1.04,3.31,1.51),(526,4,'2020-07-15',8.99,0.90,0.58,3.31,0.65);
/*!40000 ALTER TABLE `sale` ENABLE KEYS */;
UNLOCK TABLES;
/*!40103 SET TIME_ZONE=@OLD_TIME_ZONE */;

/*!40101 SET SQL_MODE=@OLD_SQL_MODE */;
/*!40014 SET FOREIGN_KEY_CHECKS=@OLD_FOREIGN_KEY_CHECKS */;
/*!40014 SET UNIQUE_CHECKS=@OLD_UNIQUE_CHECKS */;
/*!40101 SET CHARACTER_SET_CLIENT=@OLD_CHARACTER_SET_CLIENT */;
/*!40101 SET CHARACTER_SET_RESULTS=@OLD_CHARACTER_SET_RESULTS */;
/*!40101 SET COLLATION_CONNECTION=@OLD_COLLATION_CONNECTION */;
/*!40111 SET SQL_NOTES=@OLD_SQL_NOTES */;

-- Dump completed on 2020-07-15 22:35:02
